time_of_day,average_driver_total_pay
afternoon,21.212428756593543
night,20.08743800359271
evening,19.777427702398388
morning,19.63333279394483
