time_of_day,average_trip_length
night,5.32398480196174
morning,4.927371866442787
afternoon,4.861410525661207
evening,4.484750367447519
