time_of_day,average_earning_per_mile
afternoon,4.363430869420022
night,3.7730081416068373
morning,3.984544565766396
evening,4.409928330894958
